"Date","Impressions (organic)","Impressions (sponsored)","Impressions (total)","Unique impressions (organic)","Clicks (organic)","Clicks (sponsored)","Clicks (total)","Reactions (organic)","Reactions (sponsored)","Reactions (total)","Comments (organic)","Comments (sponsored)","Comments (total)","Reposts (organic)","Reposts (sponsored)","Reposts (total)","Engagement rate (organic)","Engagement rate (sponsored)","Engagement rate (total)"
"2024-07-30 00:00:00.000000000",34,0,34,12,2,0,2,0,0,0,0,0,0,0,0,0,0.058823529411764705,0,0.058823529411764705
"2024-07-31 00:00:00.000000000",159,0,159,11,6,0,6,17,0,17,0,0,0,0,0,0,0.14465408805031446,0,0.14465408805031446
"2024-08-01 00:00:00.000000000",70,0,70,13,15,0,15,0,0,0,0,0,0,0,0,0,0.21428571428571427,0,0.21428571428571427
"2024-08-02 00:00:00.000000000",53,0,53,16,3,0,3,0,0,0,0,0,0,0,0,0,0.05660377358490566,0,0.05660377358490566
"2024-08-03 00:00:00.000000000",48,0,48,16,1,0,1,0,0,0,0,0,0,0,0,0,0.020833333333333332,0,0.020833333333333332
"2024-08-04 00:00:00.000000000",27,0,27,15,0,0,0,0,0,0,0,0,0,0,0,0,0,0,0
"2024-08-05 00:00:00.000000000",28,0,28,12,0,0,0,0,0,0,0,0,0,0,0,0,0,0,0
"2024-08-06 00:00:00.000000000",7,0,7,5,0,0,0,0,0,0,0,0,0,0,0,0,0,0,0
"2024-08-07 00:00:00.000000000",245,0,245,96,17,0,17,0,0,0,0,0,0,0,0,0,0.04081632653061224,0,0.06938775510204082
"2024-08-08 00:00:00.000000000",406,0,406,169,37,0,37,12,0,12,0,0,0,3,0,3,0.12807881773399016,0,0.12807881773399016
"2024-08-09 00:00:00.000000000",258,0,258,112,12,0,12,4,0,4,0,0,0,0,0,0,0.06201550387596899,0,0.06201550387596899
"2024-08-10 00:00:00.000000000",201,0,201,112,5,0,5,2,0,2,0,0,0,0,0,0,0.03482587064676617,0,0.03482587064676617
"2024-08-11 00:00:00.000000000",1194,0,1194,526,130,0,130,11,0,11,1,0,1,1,0,1,0.11976549413735343,0,0.11976549413735343
"2024-08-12 00:00:00.000000000",653,0,653,316,59,0,59,8,0,8,2,0,2,0,0,0,0.10566615620214395,0,0.10566615620214395
"2024-08-13 00:00:00.000000000",308,0,308,140,15,0,15,4,0,4,1,0,1,0,0,0,0.06493506493506493,0,0.06493506493506493
"2024-08-14 00:00:00.000000000",90,0,90,43,5,0,5,1,0,1,0,0,0,0,0,0,0.06666666666666667,0,0.06666666666666667
"2024-08-15 00:00:00.000000000",99,0,99,36,0,0,0,1,0,1,0,0,0,0,0,0,0.010101010101010102,0,0.010101010101010102
"2024-08-16 00:00:00.000000000",49,0,49,18,3,0,3,0,0,0,0,0,0,0,0,0,0.061224489795918366,0,0.061224489795918366
"2024-08-17 00:00:00.000000000",845,0,845,555,35,0,35,27,0,27,1,0,1,1,0,1,0.0757396449704142,0,0.0757396449704142
"2024-08-18 00:00:00.000000000",281,0,281,173,20,0,20,7,0,7,0,0,0,0,0,0,0.09608540925266904,0,0.09608540925266904
"2024-08-19 00:00:00.000000000",158,0,158,117,5,0,5,7,0,7,0,0,0,0,0,0,0.0759493670886076,0,0.0759493670886076
"2024-08-20 00:00:00.000000000",129,0,129,89,7,0,7,6,0,6,0,0,0,0,0,0,0.10077519379844961,0,0.10077519379844961
"2024-08-21 00:00:00.000000000",128,0,128,74,5,0,5,1,0,1,0,0,0,0,0,0,0.046875,0,0.046875
"2024-08-22 00:00:00.000000000",101,0,101,46,8,0,8,1,0,1,0,0,0,0,0,0,0.0891089108910891,0,0.0891089108910891
"2024-08-23 00:00:00.000000000",73,0,73,40,1,0,1,3,0,3,1,0,1,0,0,0,0.0684931506849315,0,0.0684931506849315
"2024-08-24 00:00:00.000000000",109,0,109,66,6,0,6,3,0,3,0,0,0,0,0,0,0.08256880733944955,0,0.08256880733944955
"2024-08-25 00:00:00.000000000",59,0,59,33,5,0,5,1,0,1,0,0,0,0,0,0,0.1016949152542373,0,0.1016949152542373
"2024-08-26 00:00:00.000000000",78,0,78,54,2,0,2,2,0,2,0,0,0,0,0,0,0.05128205128205128,0,0.05128205128205128
"2024-08-27 00:00:00.000000000",104,0,104,51,3,0,3,1,0,1,0,0,0,0,0,0,0.038461538461538464,0,0.038461538461538464
"2024-08-28 00:00:00.000000000",86,0,86,28,3,0,3,0,0,0,0,0,0,0,0,0,0.03488372093023256,0,0.03488372093023256
"2024-08-29 00:00:00.000000000",80,0,80,26,2,0,2,0,0,0,0,0,0,0,0,0,0.025,0,0.025
"2024-08-30 00:00:00.000000000",374,0,374,138,22,0,22,5,0,5,1,0,1,0,0,0,0.0748663101604278,0,0.0748663101604278
"2024-08-31 00:00:00.000000000",399,0,399,121,9,0,9,1,0,1,1,0,1,0,0,0,0.02756892230576441,0,0.02756892230576441
"2024-09-01 00:00:00.000000000",1082,0,1082,411,116,0,116,23,0,23,1,0,1,1,0,1,0.13031423290203328,0,0.13031423290203328
"2024-09-02 00:00:00.000000000",716,0,716,300,65,0,65,8,0,8,2,0,2,0,0,0,0.10474860335195531,0,0.10474860335195531
"2024-09-03 00:00:00.000000000",242,0,242,95,13,0,13,4,0,4,0,0,0,0,0,0,0.07024793388429752,0,0.07024793388429752
"2024-09-04 00:00:00.000000000",226,0,226,104,24,0,24,4,0,4,2,0,2,0,0,0,0.13274336283185842,0,0.13274336283185842
"2024-09-05 00:00:00.000000000",213,0,213,92,14,0,14,0,0,0,0,0,0,0,0,0,0.06572769953051644,0,0.06572769953051644
"2024-09-06 00:00:00.000000000",108,0,108,68,7,0,7,0,0,0,0,0,0,0,0,0,0.06481481481481481,0,0.06481481481481481
"2024-09-07 00:00:00.000000000",103,0,103,51,11,0,11,1,0,1,0,0,0,0,0,0,0.11650485436893204,0,0.11650485436893204
"2024-09-08 00:00:00.000000000",41,0,41,25,12,0,12,1,0,1,0,0,0,0,0,0,0.3170731707317073,0,0.3170731707317073
"2024-09-09 00:00:00.000000000",42,0,42,24,1,0,1,0,0,0,0,0,0,0,0,0,0.023809523809523808,0,0.023809523809523808
"2024-09-10 00:00:00.000000000",35,0,35,24,1,0,1,0,0,0,0,0,0,0,0,0,0.02857142857142857,0,0.02857142857142857
"2024-09-11 00:00:00.000000000",129,0,129,62,12,0,12,0,0,0,1,0,1,0,0,0,0.10077519379844961,0,0.10077519379844961
"2024-09-12 00:00:00.000000000",165,0,165,79,5,0,5,0,0,0,0,0,0,0,0,0,0.030303030303030304,0,0.030303030303030304
"2024-09-13 00:00:00.000000000",233,0,233,124,19,0,19,3,0,3,0,0,0,0,0,0,0.0944206008583691,0,0.0944206008583691
"2024-09-14 00:00:00.000000000",117,0,117,80,5,0,5,2,0,2,0,0,0,0,0,0,0.05982905982905983,0,0.05982905982905983
"2024-09-15 00:00:00.000000000",85,0,85,38,8,0,8,1,0,1,0,0,0,0,0,0,0.10588235294117647,0,0.10588235294117647
"2024-09-16 00:00:00.000000000",106,0,106,40,4,0,4,0,0,0,0,0,0,0,0,0,0.03773584905660377,0,0.03773584905660377
"2024-09-17 00:00:00.000000000",41,0,41,23,2,0,2,0,0,0,0,0,0,0,0,0,0.04878048780487805,0,0.04878048780487805
"2024-09-18 00:00:00.000000000",63,0,63,23,2,0,2,0,0,0,0,0,0,0,0,0,0.031746031746031744,0,0.031746031746031744
"2024-09-19 00:00:00.000000000",152,0,152,42,8,0,8,0,0,0,0,0,0,0,0,0,0.05263157894736842,0,0.05263157894736842
"2024-09-20 00:00:00.000000000",661,0,661,273,76,0,76,17,0,17,0,0,0,0,0,0,0.14069591527987896,0,0.14069591527987896
"2024-09-21 00:00:00.000000000",159,0,159,65,11,0,11,3,0,3,0,0,0,0,0,0,0.0880503144654088,0,0.0880503144654088
"2024-09-22 00:00:00.000000000",315,0,315,140,11,0,11,2,0,2,0,0,0,1,0,1,0.044444444444444446,0,0.044444444444444446
"2024-09-23 00:00:00.000000000",161,0,161,88,9,0,9,1,0,1,0,0,0,0,0,0,0.062111801242236024,0,0.062111801242236024
"2024-09-24 00:00:00.000000000",79,0,79,30,12,0,12,0,0,0,0,0,0,0,0,0,0.1518987341772152,0,0.1518987341772152
"2024-09-25 00:00:00.000000000",62,0,62,27,4,0,4,1,0,1,0,0,0,0,0,0,0.08064516129032258,0,0.08064516129032258
"2024-09-26 00:00:00.000000000",70,0,70,27,6,0,6,1,0,1,0,0,0,0,0,0,0.1,0,0.1
"2024-09-27 00:00:00.000000000",75,0,75,44,1,0,1,1,0,1,0,0,0,0,0,0,0.02666666666666667,0,0.02666666666666667
"2024-09-28 00:00:00.000000000",54,0,54,25,2,0,2,1,0,1,0,0,0,0,0,0,0.05555555555555555,0,0.05555555555555555
"2024-09-29 00:00:00.000000000",44,0,44,24,3,0,3,0,0,0,0,0,0,0,0,0,0.06818181818181818,0,0.06818181818181818
"2024-09-30 00:00:00.000000000",37,0,37,19,0,0,0,1,0,1,0,0,0,0,0,0,0.02702702702702703,0,0.02702702702702703
"2024-10-01 00:00:00.000000000",107,0,107,19,6,0,6,0,0,0,0,0,0,0,0,0,0.056074766355140186,0,0.056074766355140186
"2024-10-02 00:00:00.000000000",20,0,20,14,0,0,0,0,0,0,0,0,0,0,0,0,0,0,0
"2024-10-03 00:00:00.000000000",19,0,19,9,0,0,0,0,0,0,0,0,0,0,0,0,0,0,0
"2024-10-04 00:00:00.000000000",22,0,22,12,1,0,1,0,0,0,0,0,0,0,0,0,0.045454545454545456,0,0.045454545454545456
"2024-10-05 00:00:00.000000000",26,0,26,9,0,0,0,0,0,0,0,0,0,0,0,0,0,0,0
"2024-10-06 00:00:00.000000000",64,0,64,19,5,0,5,0,0,0,0,0,0,0,0,0,0.078125,0,0.078125
"2024-10-07 00:00:00.000000000",24,0,24,17,0,0,0,0,0,0,0,0,0,0,0,0,0,0,0
"2024-10-08 00:00:00.000000000",130,0,130,63,8,0,8,3,0,3,2,0,2,2,0,2,0.11538461538461539,0,0.11538461538461539
"2024-10-09 00:00:00.000000000",250,0,250,68,16,0,16,3,0,3,0,0,0,0,0,0,0.076,0,0.076
"2024-10-10 00:00:00.000000000",62,0,62,35,2,0,2,1,0,1,0,0,0,0,0,0,0.04838709677419355,0,0.04838709677419355
"2024-10-11 00:00:00.000000000",19,0,19,14,0,0,0,0,0,0,0,0,0,0,0,0,0,0,0
"2024-10-12 00:00:00.000000000",32,0,32,15,1,0,1,0,0,0,0,0,0,0,0,0,0.03125,0,0.03125
"2024-10-13 00:00:00.000000000",323,0,323,93,20,0,20,4,0,4,0,0,0,0,0,0,0.07430340557275542,0,0.07430340557275542
"2024-10-14 00:00:00.000000000",243,0,243,88,14,0,14,0,0,0,0,0,0,0,0,0,0.05761316872427984,0,0.05761316872427984
"2024-10-15 00:00:00.000000000",45,0,45,18,2,0,2,2,0,2,0,0,0,0,0,0,0.08888888888888889,0,0.08888888888888889
"2024-10-16 00:00:00.000000000",190,0,190,83,5,0,5,4,0,4,0,0,0,0,0,0,0.04736842105263158,0,0.04736842105263158
"2024-10-17 00:00:00.000000000",25,0,25,14,3,0,3,0,0,0,0,0,0,0,0,0,0.12,0,0.12
"2024-10-18 00:00:00.000000000",40,0,40,19,0,0,0,0,0,0,0,0,0,0,0,0,0,0,0
"2024-10-19 00:00:00.000000000",113,0,113,18,7,0,7,0,0,0,0,0,0,0,0,0,0.061946902654867256,0,0.061946902654867256
"2024-10-20 00:00:00.000000000",76,0,76,15,4,0,4,0,0,0,0,0,0,0,0,0,0.05263157894736842,0,0.05263157894736842
"2024-10-21 00:00:00.000000000",91,0,91,13,8,0,8,0,0,0,0,0,0,0,0,0,0.08791208791208792,0,0.08791208791208792
"2024-10-22 00:00:00.000000000",219,0,219,78,30,0,30,8,0,8,0,0,0,0,0,0,0.1735159817351598,0,0.1735159817351598
"2024-10-23 00:00:00.000000000",411,0,411,220,30,0,30,12,0,12,0,0,0,4,0,4,0.11192214111922141,0,0.11192214111922141
"2024-10-24 00:00:00.000000000",301,0,301,138,8,0,8,7,0,7,0,0,0,0,0,0,0.04983388704318937,0,0.04983388704318937
"2024-10-25 00:00:00.000000000",87,0,87,40,3,0,3,1,0,1,0,0,0,0,0,0,0.04597701149425287,0,0.04597701149425287
"2024-10-26 00:00:00.000000000",109,0,109,33,3,0,3,0,0,0,0,0,0,0,0,0,0.027522935779816515,0,0.027522935779816515
"2024-10-27 00:00:00.000000000",43,0,43,23,8,0,8,0,0,0,0,0,0,0,0,0,0.18604651162790697,0,0.18604651162790697
"2024-10-28 00:00:00.000000000",13,0,13,11,0,0,0,0,0,0,0,0,0,0,0,0,0,0,0
"2024-10-29 00:00:00.000000000",29,0,29,16,3,0,3,0,0,0,0,0,0,0,0,0,0.10344827586206896,0,0.10344827586206896
"2024-10-30 00:00:00.000000000",40,0,40,21,4,0,4,0,0,0,0,0,0,0,0,0,0.1,0,0.1
"2024-10-31 00:00:00.000000000",41,0,41,21,6,0,6,0,0,0,0,0,0,0,0,0,0.14634146341463414,0,0.14634146341463414
"2024-11-01 00:00:00.000000000",33,0,33,12,2,0,2,0,0,0,0,0,0,0,0,0,0.06060606060606061,0,0.06060606060606061
"2024-11-02 00:00:00.000000000",56,0,56,14,3,0,3,0,0,0,0,0,0,0,0,0,0.05357142857142857,0,0.05357142857142857
"2024-11-03 00:00:00.000000000",42,0,42,21,1,0,1,0,0,0,0,0,0,0,0,0,0.023809523809523808,0,0.023809523809523808
"2024-11-04 00:00:00.000000000",35,0,35,19,1,0,1,0,0,0,0,0,0,0,0,0,0.02857142857142857,0,0.02857142857142857
"2024-11-05 00:00:00.000000000",31,0,31,13,3,0,3,0,0,0,0,0,0,0,0,0,0.0967741935483871,0,0.0967741935483871
"2024-11-06 00:00:00.000000000",6,0,6,5,0,0,0,1,0,1,0,0,0,0,0,0,0.16666666666666666,0,0.16666666666666666
"2024-11-07 00:00:00.000000000",26,0,26,18,1,0,1,0,0,0,0,0,0,0,0,0,0.038461538461538464,0,0.038461538461538464
"2024-11-08 00:00:00.000000000",43,0,43,17,3,0,3,0,0,0,0,0,0,0,0,0,0.06976744186046512,0,0.06976744186046512
"2024-11-09 00:00:00.000000000",128,0,128,49,4,0,4,0,0,0,0,0,0,0,0,0,0.03125,0,0.03125
"2024-11-10 00:00:00.000000000",194,0,194,98,7,0,7,3,0,3,0,0,0,1,0,1,0.05670103092783505,0,0.05670103092783505
"2024-11-11 00:00:00.000000000",95,0,95,48,4,0,4,0,0,0,0,0,0,0,0,0,0.042105263157894736,0,0.042105263157894736
"2024-11-12 00:00:00.000000000",45,0,45,25,5,0,5,1,0,1,0,0,0,0,0,0,0.13333333333333333,0,0.13333333333333333
"2024-11-13 00:00:00.000000000",30,0,30,14,3,0,3,0,0,0,0,0,0,0,0,0,0.1,0,0.1
"2024-11-14 00:00:00.000000000",39,0,39,14,3,0,3,0,0,0,0,0,0,0,0,0,0.07692307692307693,0,0.07692307692307693
"2024-11-15 00:00:00.000000000",28,0,28,13,0,0,0,0,0,0,0,0,0,0,0,0,0,0,0
"2024-11-16 00:00:00.000000000",14,0,14,10,0,0,0,0,0,0,0,0,0,0,0,0,0,0,0
"2024-11-17 00:00:00.000000000",22,0,22,9,1,0,1,0,0,0,0,0,0,0,0,0,0.045454545454545456,0,0.045454545454545456
"2024-11-18 00:00:00.000000000",31,0,31,16,1,0,1,0,0,0,0,0,0,0,0,0,0.03225806451612903,0,0.03225806451612903
"2024-11-19 00:00:00.000000000",15,0,15,7,1,0,1,0,0,0,0,0,0,0,0,0,0.06666666666666667,0,0.06666666666666667
"2024-11-20 00:00:00.000000000",90,0,90,47,2,0,2,0,0,0,0,0,0,0,0,0,0.022222222222222223,0,0.022222222222222223
"2024-11-21 00:00:00.000000000",45,0,45,18,1,0,1,2,0,2,0,0,0,0,0,0,0.06666666666666667,0,0.06666666666666667
"2024-11-22 00:00:00.000000000",13,0,13,7,1,0,1,1,0,1,0,0,0,0,0,0,0.15384615384615385,0,0.15384615384615385
"2024-11-23 00:00:00.000000000",4,0,4,4,0,0,0,0,0,0,0,0,0,0,0,0,0,0,0
"2024-11-24 00:00:00.000000000",40,0,40,11,2,0,2,0,0,0,0,0,0,0,0,0,0.05,0,0.05
"2024-11-25 00:00:00.000000000",17,0,17,12,0,0,0,0,0,0,0,0,0,0,0,0,-0.058823529411764705,0,0
"2024-11-26 00:00:00.000000000",5,0,5,4,0,0,0,0,0,0,0,0,0,0,0,0,0,0,0
"2024-11-27 00:00:00.000000000",10,0,10,10,0,0,0,0,0,0,0,0,0,0,0,0,0,0,0
"2024-11-28 00:00:00.000000000",16,0,16,7,1,0,1,0,0,0,0,0,0,0,0,0,0.0625,0,0.0625
"2024-11-29 00:00:00.000000000",12,0,12,8,2,0,2,0,0,0,0,0,0,0,0,0,0.16666666666666666,0,0.16666666666666666
"2024-11-30 00:00:00.000000000",25,0,25,7,0,0,0,0,0,0,0,0,0,0,0,0,0,0,0
"2024-12-01 00:00:00.000000000",90,0,90,50,3,0,3,0,0,0,0,0,0,0,0,0,0.022222222222222223,0,0.03333333333333333
"2024-12-02 00:00:00.000000000",55,0,55,25,5,0,5,0,0,0,0,0,0,0,0,0,0.09090909090909091,0,0.09090909090909091
"2024-12-03 00:00:00.000000000",16,0,16,11,1,0,1,0,0,0,0,0,0,0,0,0,0.0625,0,0.0625
"2024-12-04 00:00:00.000000000",3,0,3,3,0,0,0,0,0,0,0,0,0,0,0,0,0,0,0
"2024-12-05 00:00:00.000000000",4,0,4,4,0,0,0,0,0,0,0,0,0,0,0,0,0,0,0
"2024-12-06 00:00:00.000000000",12,0,12,7,1,0,1,0,0,0,0,0,0,0,0,0,0.08333333333333333,0,0.08333333333333333
"2024-12-07 00:00:00.000000000",5,0,5,4,0,0,0,0,0,0,0,0,0,0,0,0,0,0,0
"2024-12-08 00:00:00.000000000",8,0,8,6,0,0,0,0,0,0,0,0,0,0,0,0,0,0,0
"2024-12-09 00:00:00.000000000",2,0,2,2,0,0,0,0,0,0,0,0,0,0,0,0,0,0,0
"2024-12-10 00:00:00.000000000",7,0,7,5,0,0,0,0,0,0,0,0,0,0,0,0,0,0,0
"2024-12-11 00:00:00.000000000",198,0,198,148,5,0,5,2,0,2,5,0,5,0,0,0,0.06060606060606061,0,0.06060606060606061
"2024-12-12 00:00:00.000000000",33,0,33,20,0,0,0,0,0,0,0,0,0,0,0,0,0,0,0
"2024-12-13 00:00:00.000000000",15,0,15,12,0,0,0,0,0,0,0,0,0,0,0,0,0,0,0
"2024-12-14 00:00:00.000000000",14,0,14,11,0,0,0,0,0,0,0,0,0,0,0,0,0,0,0
"2024-12-15 00:00:00.000000000",8,0,8,7,0,0,0,0,0,0,0,0,0,0,0,0,0,0,0
"2024-12-16 00:00:00.000000000",13,0,13,6,2,0,2,0,0,0,0,0,0,0,0,0,0.15384615384615385,0,0.15384615384615385
"2024-12-17 00:00:00.000000000",7,0,7,6,0,0,0,0,0,0,0,0,0,0,0,0,0,0,0
"2024-12-18 00:00:00.000000000",25,0,25,2,6,0,6,0,0,0,0,0,0,0,0,0,0.24,0,0.24
"2024-12-19 00:00:00.000000000",3,0,3,2,0,0,0,0,0,0,0,0,0,0,0,0,0,0,0
"2024-12-20 00:00:00.000000000",14,0,14,10,1,0,1,0,0,0,0,0,0,0,0,0,0.07142857142857142,0,0.07142857142857142
"2024-12-21 00:00:00.000000000",17,0,17,8,0,0,0,0,0,0,0,0,0,0,0,0,0,0,0
"2024-12-22 00:00:00.000000000",17,0,17,5,1,0,1,0,0,0,0,0,0,0,0,0,0.058823529411764705,0,0.058823529411764705
"2024-12-23 00:00:00.000000000",41,0,41,10,0,0,0,0,0,0,0,0,0,0,0,0,0,0,0
"2024-12-24 00:00:00.000000000",8,0,8,3,0,0,0,0,0,0,0,0,0,0,0,0,0,0,0
"2024-12-25 00:00:00.000000000",11,0,11,7,0,0,0,0,0,0,0,0,0,0,0,0,0,0,0
"2024-12-26 00:00:00.000000000",5,0,5,2,0,0,0,0,0,0,0,0,0,0,0,0,0,0,0
"2024-12-27 00:00:00.000000000",3,0,3,2,0,0,0,0,0,0,0,0,0,0,0,0,0,0,0
"2024-12-28 00:00:00.000000000",28,0,28,6,4,0,4,0,0,0,0,0,0,0,0,0,0.14285714285714285,0,0.14285714285714285
"2024-12-29 00:00:00.000000000",16,0,16,9,0,0,0,0,0,0,0,0,0,0,0,0,0,0,0
"2024-12-30 00:00:00.000000000",25,0,25,11,1,0,1,0,0,0,0,0,0,0,0,0,0.04,0,0.04
"2024-12-31 00:00:00.000000000",7,0,7,4,0,0,0,0,0,0,0,0,0,0,0,0,0,0,0
"2025-01-01 00:00:00.000000000",9,0,9,4,0,0,0,0,0,0,0,0,0,0,0,0,0,0,0
"2025-01-02 00:00:00.000000000",140,0,140,83,42,0,42,0,0,0,0,0,0,0,0,0,0.3,0,0.3
"2025-01-03 00:00:00.000000000",34,0,34,21,10,0,10,1,0,1,0,0,0,0,0,0,0.3235294117647059,0,0.3235294117647059
"2025-01-04 00:00:00.000000000",15,0,15,8,0,0,0,0,0,0,0,0,0,0,0,0,0,0,0
"2025-01-05 00:00:00.000000000",20,0,20,13,1,0,1,0,0,0,0,0,0,0,0,0,0.05,0,0.05
"2025-01-06 00:00:00.000000000",123,0,123,47,4,0,4,9,0,9,0,0,0,4,0,4,0.13821138211382114,0,0.13821138211382114
"2025-01-07 00:00:00.000000000",220,0,220,82,14,0,14,7,0,7,0,0,0,1,0,1,0.1,0,0.1
"2025-01-08 00:00:00.000000000",76,0,76,38,11,0,11,1,0,1,0,0,0,0,0,0,0.15789473684210525,0,0.15789473684210525
"2025-01-09 00:00:00.000000000",66,0,66,23,8,0,8,0,0,0,0,0,0,0,0,0,0.12121212121212122,0,0.12121212121212122
"2025-01-10 00:00:00.000000000",36,0,36,22,0,0,0,1,0,1,0,0,0,0,0,0,0.027777777777777776,0,0.027777777777777776
"2025-01-11 00:00:00.000000000",61,0,61,13,3,0,3,1,0,1,0,0,0,0,0,0,0.06557377049180328,0,0.06557377049180328
"2025-01-12 00:00:00.000000000",35,0,35,24,0,0,0,0,0,0,0,0,0,0,0,0,0,0,0
"2025-01-13 00:00:00.000000000",50,0,50,23,2,0,2,0,0,0,0,0,0,0,0,0,0.04,0,0.04
"2025-01-14 00:00:00.000000000",36,0,36,10,0,0,0,1,0,1,0,0,0,0,0,0,0.027777777777777776,0,0.027777777777777776
"2025-01-15 00:00:00.000000000",21,0,21,9,0,0,0,0,0,0,0,0,0,0,0,0,0,0,0
"2025-01-16 00:00:00.000000000",13,0,13,9,0,0,0,0,0,0,0,0,0,0,0,0,0,0,0
"2025-01-17 00:00:00.000000000",28,0,28,7,0,0,0,0,0,0,0,0,0,0,0,0,0,0,0
"2025-01-18 00:00:00.000000000",12,0,12,11,2,0,2,1,0,1,0,0,0,0,0,0,0.25,0,0.25
"2025-01-19 00:00:00.000000000",19,0,19,9,2,0,2,0,0,0,0,0,0,0,0,0,0.10526315789473684,0,0.10526315789473684
"2025-01-20 00:00:00.000000000",35,0,35,9,8,0,8,0,0,0,0,0,0,0,0,0,0.22857142857142856,0,0.22857142857142856
"2025-01-21 00:00:00.000000000",30,0,30,9,4,0,4,0,0,0,0,0,0,0,0,0,0.06666666666666667,0,0.13333333333333333
"2025-01-22 00:00:00.000000000",33,0,33,14,9,0,9,0,0,0,0,0,0,0,0,0,0.2727272727272727,0,0.2727272727272727
"2025-01-23 00:00:00.000000000",71,0,71,28,4,0,4,1,0,1,0,0,0,0,0,0,0.07042253521126761,0,0.07042253521126761
"2025-01-24 00:00:00.000000000",99,0,99,34,6,0,6,2,0,2,0,0,0,0,0,0,0.08080808080808081,0,0.08080808080808081
"2025-01-25 00:00:00.000000000",30,0,30,19,12,0,12,0,0,0,0,0,0,0,0,0,0.4,0,0.4
"2025-01-26 00:00:00.000000000",50,0,50,12,5,0,5,0,0,0,0,0,0,0,0,0,0.1,0,0.1
"2025-01-27 00:00:00.000000000",55,0,55,11,5,0,5,0,0,0,0,0,0,0,0,0,0.09090909090909091,0,0.09090909090909091
"2025-01-28 00:00:00.000000000",31,0,31,16,0,0,0,0,0,0,0,0,0,0,0,0,0,0,0
"2025-01-29 00:00:00.000000000",16,0,16,10,4,0,4,1,0,1,0,0,0,0,0,0,0.3125,0,0.3125
"2025-01-30 00:00:00.000000000",11,0,11,8,0,0,0,0,0,0,0,0,0,0,0,0,0,0,0
"2025-01-31 00:00:00.000000000",17,0,17,9,1,0,1,0,0,0,0,0,0,0,0,0,0.058823529411764705,0,0.058823529411764705
"2025-02-01 00:00:00.000000000",93,0,93,44,2,0,2,0,0,0,0,0,0,0,0,0,0.021505376344086023,0,0.021505376344086023
"2025-02-02 00:00:00.000000000",273,0,273,145,19,0,19,4,0,4,1,0,1,0,0,0,0.08791208791208792,0,0.08791208791208792
"2025-02-03 00:00:00.000000000",855,0,855,405,418,0,418,29,0,29,1,0,1,1,0,1,0.5251461988304094,0,0.5251461988304094
"2025-02-04 00:00:00.000000000",2417,0,2417,1143,1184,0,1184,35,0,35,16,0,16,0,0,0,0.5109640049648324,0,0.5109640049648324
"2025-02-05 00:00:00.000000000",549,0,549,296,245,0,245,9,0,9,17,0,17,0,0,0,0.4936247723132969,0,0.4936247723132969
"2025-02-06 00:00:00.000000000",399,0,399,186,215,0,215,6,0,6,3,0,3,0,0,0,0.5614035087719298,0,0.5614035087719298
"2025-02-07 00:00:00.000000000",238,0,238,132,92,0,92,3,0,3,8,0,8,0,0,0,0.4327731092436975,0,0.4327731092436975
"2025-02-08 00:00:00.000000000",445,0,445,202,190,0,190,5,0,5,4,0,4,0,0,0,0.44719101123595506,0,0.44719101123595506
"2025-02-09 00:00:00.000000000",319,0,319,161,111,0,111,2,0,2,3,0,3,0,0,0,0.36363636363636365,0,0.36363636363636365
"2025-02-10 00:00:00.000000000",284,0,284,145,95,0,95,2,0,2,3,0,3,0,0,0,0.352112676056338,0,0.352112676056338
"2025-02-11 00:00:00.000000000",328,0,328,141,64,0,64,3,0,3,10,0,10,0,0,0,0.2347560975609756,0,0.2347560975609756
"2025-02-12 00:00:00.000000000",199,0,199,91,46,0,46,4,0,4,1,0,1,0,0,0,0.2562814070351759,0,0.2562814070351759
"2025-02-13 00:00:00.000000000",208,0,208,94,46,0,46,2,0,2,3,0,3,0,0,0,0.24519230769230768,0,0.24519230769230768
"2025-02-14 00:00:00.000000000",124,0,124,81,24,0,24,0,0,0,3,0,3,0,0,0,0.20967741935483872,0,0.21774193548387097
"2025-02-15 00:00:00.000000000",134,0,134,72,106,0,106,2,0,2,0,0,0,0,0,0,0.8059701492537313,0,0.8059701492537313
"2025-02-16 00:00:00.000000000",217,0,217,69,37,0,37,0,0,0,6,0,6,0,0,0,0.19815668202764977,0,0.19815668202764977
"2025-02-17 00:00:00.000000000",186,0,186,78,59,0,59,3,0,3,2,0,2,0,0,0,0.34408602150537637,0,0.34408602150537637
"2025-02-18 00:00:00.000000000",302,0,302,151,47,0,47,7,0,7,5,0,5,1,0,1,0.1986754966887417,0,0.1986754966887417
"2025-02-19 00:00:00.000000000",708,0,708,319,102,0,102,12,0,12,0,0,0,1,0,1,0.16242937853107345,0,0.16242937853107345
"2025-02-20 00:00:00.000000000",349,0,349,163,50,0,50,3,0,3,1,0,1,0,0,0,0.15472779369627507,0,0.15472779369627507
"2025-02-21 00:00:00.000000000",146,0,146,96,41,0,41,4,0,4,1,0,1,0,0,0,0.3150684931506849,0,0.3150684931506849
"2025-02-22 00:00:00.000000000",534,0,534,283,30,0,30,10,0,10,1,0,1,0,0,0,0.07677902621722846,0,0.07677902621722846
"2025-02-23 00:00:00.000000000",126,0,126,61,8,0,8,3,0,3,0,0,0,1,0,1,0.09523809523809523,0,0.09523809523809523
"2025-02-24 00:00:00.000000000",105,0,105,52,21,0,21,3,0,3,0,0,0,0,0,0,0.22857142857142856,0,0.22857142857142856
"2025-02-25 00:00:00.000000000",114,0,114,52,6,0,6,0,0,0,0,0,0,1,0,1,0.06140350877192982,0,0.06140350877192982
"2025-02-26 00:00:00.000000000",465,0,465,221,43,0,43,9,0,9,1,0,1,0,0,0,0.11397849462365592,0,0.11397849462365592
"2025-02-27 00:00:00.000000000",223,0,223,107,29,0,29,5,0,5,1,0,1,1,0,1,0.16143497757847533,0,0.16143497757847533
"2025-02-28 00:00:00.000000000",154,0,154,73,38,0,38,3,0,3,0,0,0,0,0,0,0.2662337662337662,0,0.2662337662337662
"2025-03-01 00:00:00.000000000",234,0,234,117,20,0,20,4,0,4,1,0,1,0,0,0,0.10683760683760683,0,0.10683760683760683
"2025-03-02 00:00:00.000000000",123,0,123,61,33,0,33,2,0,2,0,0,0,0,0,0,0.2845528455284553,0,0.2845528455284553
"2025-03-03 00:00:00.000000000",298,0,298,177,22,0,22,9,0,9,2,0,2,0,0,0,0.11073825503355705,0,0.11073825503355705
"2025-03-04 00:00:00.000000000",129,0,129,78,6,0,6,2,0,2,0,0,0,0,0,0,0.06201550387596899,0,0.06201550387596899
"2025-03-05 00:00:00.000000000",105,0,105,65,6,0,6,3,0,3,0,0,0,0,0,0,0.08571428571428572,0,0.08571428571428572
"2025-03-06 00:00:00.000000000",304,0,304,183,13,0,13,8,0,8,0,0,0,0,0,0,0.06907894736842106,0,0.06907894736842106
"2025-03-07 00:00:00.000000000",169,0,169,111,2,0,2,4,0,4,0,0,0,0,0,0,0.03550295857988166,0,0.03550295857988166
"2025-03-08 00:00:00.000000000",92,0,92,56,14,0,14,0,0,0,0,0,0,0,0,0,0.15217391304347827,0,0.15217391304347827
"2025-03-09 00:00:00.000000000",262,0,262,52,11,0,11,0,0,0,0,0,0,0,0,0,0.04198473282442748,0,0.04198473282442748
"2025-03-10 00:00:00.000000000",34,0,34,20,1,0,1,0,0,0,0,0,0,0,0,0,0.029411764705882353,0,0.029411764705882353
"2025-03-11 00:00:00.000000000",43,0,43,16,2,0,2,0,0,0,0,0,0,0,0,0,0.046511627906976744,0,0.046511627906976744
"2025-03-12 00:00:00.000000000",44,0,44,17,7,0,7,0,0,0,0,0,0,0,0,0,0.1590909090909091,0,0.1590909090909091
"2025-03-13 00:00:00.000000000",60,0,60,18,1,0,1,2,0,2,0,0,0,0,0,0,0.05,0,0.05
"2025-03-14 00:00:00.000000000",46,0,46,17,0,0,0,1,0,1,0,0,0,0,0,0,0.021739130434782608,0,0.021739130434782608
"2025-03-15 00:00:00.000000000",47,0,47,20,2,0,2,0,0,0,0,0,0,0,0,0,0.0425531914893617,0,0.0425531914893617
"2025-03-16 00:00:00.000000000",39,0,39,21,2,0,2,0,0,0,0,0,0,0,0,0,0.05128205128205128,0,0.05128205128205128
"2025-03-17 00:00:00.000000000",24,0,24,15,0,0,0,0,0,0,0,0,0,0,0,0,0,0,0
"2025-03-18 00:00:00.000000000",33,0,33,5,4,0,4,0,0,0,0,0,0,0,0,0,0.12121212121212122,0,0.12121212121212122
"2025-03-19 00:00:00.000000000",38,0,38,17,1,0,1,1,0,1,0,0,0,0,0,0,0.05263157894736842,0,0.05263157894736842
"2025-03-20 00:00:00.000000000",4,0,4,3,0,0,0,0,0,0,0,0,0,0,0,0,0,0,0
"2025-03-21 00:00:00.000000000",47,0,47,8,7,0,7,0,0,0,0,0,0,0,0,0,0.14893617021276595,0,0.14893617021276595
"2025-03-22 00:00:00.000000000",7,0,7,5,0,0,0,0,0,0,0,0,0,0,0,0,0,0,0
"2025-03-23 00:00:00.000000000",66,0,66,44,4,0,4,2,0,2,0,0,0,0,0,0,0.09090909090909091,0,0.09090909090909091
"2025-03-24 00:00:00.000000000",31,0,31,15,3,0,3,1,0,1,0,0,0,0,0,0,0.12903225806451613,0,0.12903225806451613
"2025-03-25 00:00:00.000000000",28,0,28,10,1,0,1,0,0,0,0,0,0,0,0,0,0.03571428571428571,0,0.03571428571428571
"2025-03-26 00:00:00.000000000",25,0,25,18,1,0,1,7,0,7,26,0,26,0,0,0,1.36,0,1.36
"2025-03-27 00:00:00.000000000",45,0,45,21,5,0,5,2,0,2,5,0,5,0,0,0,0.26666666666666666,0,0.26666666666666666
"2025-03-28 00:00:00.000000000",27,0,27,17,4,0,4,0,0,0,2,0,2,0,0,0,0.2222222222222222,0,0.2222222222222222
"2025-03-29 00:00:00.000000000",28,0,28,18,3,0,3,0,0,0,0,0,0,0,0,0,0.10714285714285714,0,0.10714285714285714
"2025-03-30 00:00:00.000000000",73,0,73,26,2,0,2,0,0,0,0,0,0,0,0,0,0.0273972602739726,0,0.0273972602739726
"2025-03-31 00:00:00.000000000",14,0,14,7,9,0,9,0,0,0,0,0,0,0,0,0,0.6428571428571429,0,0.6428571428571429
"2025-04-01 00:00:00.000000000",32,0,32,10,2,0,2,0,0,0,6,0,6,0,0,0,0.25,0,0.25
"2025-04-02 00:00:00.000000000",214,0,214,111,10,0,10,25,0,25,4,0,4,1,0,1,0.18691588785046728,0,0.18691588785046728
"2025-04-03 00:00:00.000000000",72,0,72,48,6,0,6,2,0,2,0,0,0,0,0,0,0.1111111111111111,0,0.1111111111111111
"2025-04-04 00:00:00.000000000",32,0,32,17,3,0,3,1,0,1,3,0,3,0,0,0,0.21875,0,0.21875
"2025-04-05 00:00:00.000000000",18,0,18,15,2,0,2,0,0,0,0,0,0,0,0,0,0.1111111111111111,0,0.1111111111111111
"2025-04-06 00:00:00.000000000",39,0,39,19,6,0,6,1,0,1,0,0,0,0,0,0,0.1794871794871795,0,0.1794871794871795
"2025-04-07 00:00:00.000000000",10,0,10,9,1,0,1,0,0,0,0,0,0,0,0,0,0.1,0,0.1
"2025-04-08 00:00:00.000000000",23,0,23,14,2,0,2,0,0,0,0,0,0,0,0,0,-0.043478260869565216,0,0.08695652173913043
"2025-04-09 00:00:00.000000000",11,0,11,7,0,0,0,0,0,0,0,0,0,0,0,0,0,0,0
"2025-04-10 00:00:00.000000000",105,0,105,35,18,0,18,0,0,0,0,0,0,0,0,0,0.17142857142857143,0,0.17142857142857143
"2025-04-11 00:00:00.000000000",79,0,79,25,2,0,2,0,0,0,0,0,0,0,0,0,0.02531645569620253,0,0.02531645569620253
"2025-04-12 00:00:00.000000000",50,0,50,18,3,0,3,0,0,0,0,0,0,0,0,0,0.06,0,0.06
"2025-04-13 00:00:00.000000000",55,0,55,10,10,0,10,0,0,0,0,0,0,0,0,0,0.18181818181818182,0,0.18181818181818182
"2025-04-14 00:00:00.000000000",5,0,5,3,0,0,0,0,0,0,0,0,0,0,0,0,-0.4,0,0
"2025-04-15 00:00:00.000000000",41,0,41,17,2,0,2,0,0,0,0,0,0,0,0,0,0.024390243902439025,0,0.04878048780487805
"2025-04-16 00:00:00.000000000",23,0,23,8,2,0,2,0,0,0,0,0,0,0,0,0,0.08695652173913043,0,0.08695652173913043
"2025-04-17 00:00:00.000000000",32,0,32,14,2,0,2,0,0,0,0,0,0,0,0,0,0.0625,0,0.0625
"2025-04-18 00:00:00.000000000",341,0,341,172,13,0,13,6,0,6,0,0,0,0,0,0,0.05571847507331378,0,0.05571847507331378
"2025-04-19 00:00:00.000000000",243,0,243,146,11,0,11,0,0,0,0,0,0,0,0,0,0.04526748971193416,0,0.04526748971193416
"2025-04-20 00:00:00.000000000",93,0,93,60,1,0,1,0,0,0,0,0,0,0,0,0,0.010752688172043012,0,0.010752688172043012
"2025-04-21 00:00:00.000000000",105,0,105,45,0,0,0,1,0,1,0,0,0,0,0,0,0.009523809523809525,0,0.009523809523809525
"2025-04-22 00:00:00.000000000",238,0,238,102,19,0,19,9,0,9,1,0,1,1,0,1,0.12605042016806722,0,0.12605042016806722
"2025-04-23 00:00:00.000000000",291,0,291,106,21,0,21,5,0,5,0,0,0,1,0,1,0.08934707903780069,0,0.09278350515463918
"2025-04-24 00:00:00.000000000",95,0,95,31,7,0,7,1,0,1,0,0,0,0,0,0,0.07368421052631578,0,0.08421052631578947
"2025-04-25 00:00:00.000000000",59,0,59,24,6,0,6,0,0,0,0,0,0,0,0,0,0.1016949152542373,0,0.1016949152542373
"2025-04-26 00:00:00.000000000",193,0,193,40,18,0,18,2,0,2,0,0,0,0,0,0,0.10362694300518134,0,0.10362694300518134
"2025-04-27 00:00:00.000000000",296,0,296,98,28,0,28,4,0,4,0,0,0,1,0,1,0.11148648648648649,0,0.11148648648648649
"2025-04-28 00:00:00.000000000",421,0,421,164,35,0,35,10,0,10,2,0,2,0,0,0,0.11163895486935867,0,0.11163895486935867
"2025-04-29 00:00:00.000000000",405,0,405,208,31,0,31,7,0,7,0,0,0,0,0,0,0.09382716049382717,0,0.09382716049382717
"2025-04-30 00:00:00.000000000",180,0,180,55,11,0,11,1,0,1,0,0,0,0,0,0,0.06666666666666667,0,0.06666666666666667
"2025-05-01 00:00:00.000000000",114,0,114,58,4,0,4,3,0,3,0,0,0,0,0,0,0.06140350877192982,0,0.06140350877192982
"2025-05-02 00:00:00.000000000",100,0,100,48,7,0,7,1,0,1,0,0,0,0,0,0,0.08,0,0.08
"2025-05-03 00:00:00.000000000",59,0,59,22,4,0,4,0,0,0,0,0,0,0,0,0,0.06779661016949153,0,0.06779661016949153
"2025-05-04 00:00:00.000000000",103,0,103,43,3,0,3,0,0,0,0,0,0,0,0,0,0.02912621359223301,0,0.02912621359223301
"2025-05-05 00:00:00.000000000",104,0,104,53,16,0,16,2,0,2,0,0,0,0,0,0,0.17307692307692307,0,0.17307692307692307
"2025-05-06 00:00:00.000000000",76,0,76,38,4,0,4,0,0,0,0,0,0,0,0,0,0.05263157894736842,0,0.05263157894736842
"2025-05-07 00:00:00.000000000",63,0,63,25,3,0,3,3,0,3,0,0,0,0,0,0,0.09523809523809523,0,0.09523809523809523
"2025-05-08 00:00:00.000000000",33,0,33,23,3,0,3,0,0,0,0,0,0,0,0,0,0.09090909090909091,0,0.09090909090909091
"2025-05-09 00:00:00.000000000",216,0,216,84,83,0,83,9,0,9,1,0,1,1,0,1,0.4351851851851852,0,0.4351851851851852
"2025-05-10 00:00:00.000000000",839,0,839,344,194,0,194,17,0,17,3,0,3,0,0,0,0.2550655542312277,0,0.2550655542312277
"2025-05-11 00:00:00.000000000",381,0,381,131,84,0,84,1,0,1,8,0,8,0,0,0,0.2440944881889764,0,0.2440944881889764
"2025-05-12 00:00:00.000000000",139,0,139,59,13,0,13,1,0,1,1,0,1,0,0,0,0.1079136690647482,0,0.1079136690647482
"2025-05-13 00:00:00.000000000",134,0,134,59,12,0,12,0,0,0,3,0,3,0,0,0,0.11194029850746269,0,0.11194029850746269
"2025-05-14 00:00:00.000000000",126,0,126,65,13,0,13,1,0,1,2,0,2,0,0,0,0.12698412698412698,0,0.12698412698412698
"2025-05-15 00:00:00.000000000",96,0,96,46,19,0,19,0,0,0,1,0,1,0,0,0,0.19791666666666666,0,0.20833333333333334
"2025-05-16 00:00:00.000000000",157,0,157,39,21,0,21,1,0,1,0,0,0,0,0,0,0.14012738853503184,0,0.14012738853503184
"2025-05-17 00:00:00.000000000",183,0,183,45,26,0,26,0,0,0,0,0,0,0,0,0,0.14207650273224043,0,0.14207650273224043
"2025-05-18 00:00:00.000000000",115,0,115,39,5,0,5,0,0,0,0,0,0,0,0,0,0.043478260869565216,0,0.043478260869565216
"2025-05-19 00:00:00.000000000",99,0,99,38,4,0,4,1,0,1,0,0,0,0,0,0,0.050505050505050504,0,0.050505050505050504
"2025-05-20 00:00:00.000000000",51,0,51,17,5,0,5,0,0,0,0,0,0,0,0,0,0.09803921568627451,0,0.09803921568627451
"2025-05-21 00:00:00.000000000",43,0,43,14,2,0,2,0,0,0,0,0,0,0,0,0,0.023255813953488372,0,0.046511627906976744
"2025-05-22 00:00:00.000000000",27,0,27,16,4,0,4,0,0,0,0,0,0,0,0,0,0.14814814814814814,0,0.14814814814814814
"2025-05-23 00:00:00.000000000",14,0,14,11,0,0,0,0,0,0,0,0,0,0,0,0,0,0,0
"2025-05-24 00:00:00.000000000",35,0,35,20,0,0,0,0,0,0,0,0,0,0,0,0,0,0,0
"2025-05-25 00:00:00.000000000",66,0,66,15,8,0,8,0,0,0,0,0,0,0,0,0,0.12121212121212122,0,0.12121212121212122
"2025-05-26 00:00:00.000000000",61,0,61,25,12,0,12,1,0,1,0,0,0,0,0,0,0.21311475409836064,0,0.21311475409836064
"2025-05-27 00:00:00.000000000",30,0,30,10,5,0,5,0,0,0,0,0,0,0,0,0,0.16666666666666666,0,0.16666666666666666
"2025-05-28 00:00:00.000000000",23,0,23,11,3,0,3,0,0,0,0,0,0,0,0,0,0.13043478260869565,0,0.13043478260869565
"2025-05-29 00:00:00.000000000",29,0,29,15,0,0,0,0,0,0,0,0,0,0,0,0,-0.034482758620689655,0,0
"2025-05-30 00:00:00.000000000",30,0,30,14,3,0,3,0,0,0,0,0,0,0,0,0,0.1,0,0.1
"2025-05-31 00:00:00.000000000",20,0,20,10,0,0,0,0,0,0,0,0,0,0,0,0,0,0,0
"2025-06-01 00:00:00.000000000",22,0,22,10,1,0,1,1,0,1,0,0,0,0,0,0,0.09090909090909091,0,0.09090909090909091
"2025-06-02 00:00:00.000000000",94,0,94,24,1,0,1,0,0,0,0,0,0,0,0,0,0.010638297872340425,0,0.010638297872340425
"2025-06-03 00:00:00.000000000",11,0,11,6,0,0,0,0,0,0,0,0,0,0,0,0,0,0,0
"2025-06-04 00:00:00.000000000",74,0,74,16,10,0,10,0,0,0,3,0,3,0,0,0,0.17567567567567569,0,0.17567567567567569
"2025-06-05 00:00:00.000000000",23,0,23,13,0,0,0,0,0,0,0,0,0,0,0,0,0,0,0
"2025-06-06 00:00:00.000000000",44,0,44,20,22,0,22,1,0,1,1,0,1,0,0,0,0.5454545454545454,0,0.5454545454545454
"2025-06-07 00:00:00.000000000",38,0,38,14,1,0,1,1,0,1,0,0,0,0,0,0,0.05263157894736842,0,0.05263157894736842
"2025-06-08 00:00:00.000000000",25,0,25,10,3,0,3,0,0,0,0,0,0,0,0,0,0.12,0,0.12
"2025-06-09 00:00:00.000000000",33,0,33,10,9,0,9,0,0,0,0,0,0,0,0,0,0.2727272727272727,0,0.2727272727272727
"2025-06-10 00:00:00.000000000",24,0,24,10,0,0,0,0,0,0,0,0,0,0,0,0,0,0,0
"2025-06-11 00:00:00.000000000",6,0,6,4,13,0,13,0,0,0,0,0,0,0,0,0,2.1666666666666665,0,2.1666666666666665
"2025-06-12 00:00:00.000000000",1,0,1,1,0,0,0,0,0,0,0,0,0,0,0,0,0,0,0
"2025-06-13 00:00:00.000000000",46,0,46,26,2,0,2,0,0,0,0,0,0,0,0,0,0.043478260869565216,0,0.043478260869565216
"2025-06-14 00:00:00.000000000",52,0,52,39,0,0,0,1,0,1,0,0,0,0,0,0,0.019230769230769232,0,0.019230769230769232
"2025-06-15 00:00:00.000000000",54,0,54,31,3,0,3,1,0,1,0,0,0,0,0,0,0.07407407407407407,0,0.07407407407407407
"2025-06-16 00:00:00.000000000",18,0,18,15,1,0,1,1,0,1,0,0,0,0,0,0,0.1111111111111111,0,0.1111111111111111
"2025-06-17 00:00:00.000000000",47,0,47,13,2,0,2,0,0,0,0,0,0,0,0,0,0.0425531914893617,0,0.0425531914893617
"2025-06-18 00:00:00.000000000",12,0,12,9,0,0,0,0,0,0,0,0,0,0,0,0,0,0,0
"2025-06-19 00:00:00.000000000",50,0,50,15,3,0,3,0,0,0,0,0,0,0,0,0,0.06,0,0.06
"2025-06-20 00:00:00.000000000",21,0,21,12,0,0,0,0,0,0,0,0,0,0,0,0,0,0,0
"2025-06-21 00:00:00.000000000",48,0,48,9,1,0,1,0,0,0,0,0,0,0,0,0,0.020833333333333332,0,0.020833333333333332
"2025-06-22 00:00:00.000000000",21,0,21,6,1,0,1,0,0,0,0,0,0,0,0,0,0.047619047619047616,0,0.047619047619047616
"2025-06-23 00:00:00.000000000",206,0,206,80,16,0,16,1,0,1,0,0,0,0,0,0,0.0825242718446602,0,0.0825242718446602
"2025-06-24 00:00:00.000000000",220,0,220,71,20,0,20,0,0,0,0,0,0,0,0,0,0.09090909090909091,0,0.09090909090909091
"2025-06-25 00:00:00.000000000",95,0,95,35,6,0,6,1,0,1,2,0,2,0,0,0,0.09473684210526316,0,0.09473684210526316
"2025-06-26 00:00:00.000000000",65,0,65,14,11,0,11,0,0,0,0,0,0,0,0,0,0.16923076923076924,0,0.16923076923076924
"2025-06-27 00:00:00.000000000",21,0,21,11,1,0,1,1,0,1,0,0,0,0,0,0,0.09523809523809523,0,0.09523809523809523
"2025-06-28 00:00:00.000000000",50,0,50,13,0,0,0,0,0,0,0,0,0,0,0,0,0,0,0
"2025-06-29 00:00:00.000000000",63,0,63,15,1,0,1,0,0,0,0,0,0,0,0,0,0.015873015873015872,0,0.015873015873015872
"2025-06-30 00:00:00.000000000",45,0,45,21,3,0,3,0,0,0,0,0,0,0,0,0,0.06666666666666667,0,0.06666666666666667
"2025-07-01 00:00:00.000000000",61,0,61,25,3,0,3,0,0,0,0,0,0,0,0,0,0.04918032786885246,0,0.04918032786885246
"2025-07-02 00:00:00.000000000",564,0,564,259,49,0,49,16,0,16,2,0,2,1,0,1,0.12056737588652482,0,0.12056737588652482
"2025-07-03 00:00:00.000000000",172,0,172,74,24,0,24,2,0,2,0,0,0,0,0,0,0.1511627906976744,0,0.1511627906976744
"2025-07-04 00:00:00.000000000",73,0,73,43,2,0,2,0,0,0,0,0,0,0,0,0,0.0273972602739726,0,0.0273972602739726
"2025-07-05 00:00:00.000000000",1607,0,1607,505,191,0,191,14,0,14,0,0,0,0,0,0,0.12756689483509645,0,0.12756689483509645
"2025-07-06 00:00:00.000000000",1906,0,1906,735,242,0,242,18,0,18,0,0,0,0,0,0,0.13641133263378805,0,0.13641133263378805
"2025-07-07 00:00:00.000000000",550,0,550,210,45,0,45,6,0,6,0,0,0,0,0,0,0.09272727272727273,0,0.09272727272727273
"2025-07-08 00:00:00.000000000",259,0,259,94,29,0,29,2,0,2,0,0,0,0,0,0,0.11969111969111969,0,0.11969111969111969
"2025-07-09 00:00:00.000000000",239,0,239,74,35,0,35,0,0,0,0,0,0,0,0,0,0.14644351464435146,0,0.14644351464435146
"2025-07-10 00:00:00.000000000",145,0,145,58,18,0,18,3,0,3,0,0,0,0,0,0,0.14482758620689656,0,0.14482758620689656
"2025-07-11 00:00:00.000000000",169,0,169,67,10,0,10,0,0,0,0,0,0,0,0,0,0.05917159763313609,0,0.05917159763313609
"2025-07-12 00:00:00.000000000",128,0,128,58,6,0,6,1,0,1,0,0,0,0,0,0,0.0546875,0,0.0546875
"2025-07-13 00:00:00.000000000",110,0,110,54,4,0,4,3,0,3,0,0,0,0,0,0,0.06363636363636363,0,0.06363636363636363
"2025-07-14 00:00:00.000000000",50,0,50,27,5,0,5,0,0,0,0,0,0,0,0,0,0.1,0,0.1
"2025-07-15 00:00:00.000000000",40,0,40,26,0,0,0,0,0,0,0,0,0,0,0,0,0,0,0
"2025-07-16 00:00:00.000000000",42,0,42,20,2,0,2,0,0,0,0,0,0,0,0,0,0.047619047619047616,0,0.047619047619047616
"2025-07-17 00:00:00.000000000",133,0,133,33,16,0,16,0,0,0,0,0,0,0,0,0,0.12030075187969924,0,0.12030075187969924
"2025-07-18 00:00:00.000000000",128,0,128,42,13,0,13,0,0,0,0,0,0,0,0,0,0.1015625,0,0.1015625
"2025-07-19 00:00:00.000000000",76,0,76,44,4,0,4,0,0,0,0,0,0,0,0,0,0.05263157894736842,0,0.05263157894736842
"2025-07-20 00:00:00.000000000",71,0,71,28,5,0,5,2,0,2,0,0,0,0,0,0,0.09859154929577464,0,0.09859154929577464
"2025-07-21 00:00:00.000000000",184,0,184,68,27,0,27,2,0,2,0,0,0,0,0,0,0.15760869565217392,0,0.15760869565217392
"2025-07-22 00:00:00.000000000",486,0,486,128,68,0,68,11,0,11,0,0,0,1,0,1,0.1646090534979424,0,0.1646090534979424
"2025-07-23 00:00:00.000000000",1386,0,1386,543,152,0,152,19,0,19,0,0,0,0,0,0,0.12337662337662338,0,0.12337662337662338
"2025-07-24 00:00:00.000000000",288,0,288,125,32,0,32,5,0,5,0,0,0,1,0,1,0.13194444444444445,0,0.13194444444444445
"2025-07-25 00:00:00.000000000",197,0,197,82,10,0,10,1,0,1,0,0,0,0,0,0,0.05583756345177665,0,0.05583756345177665
"2025-07-26 00:00:00.000000000",144,0,144,54,7,0,7,2,0,2,0,0,0,0,0,0,0.0625,0,0.0625
"2025-07-27 00:00:00.000000000",104,0,104,46,14,0,14,1,0,1,0,0,0,0,0,0,0.14423076923076922,0,0.14423076923076922
"2025-07-28 00:00:00.000000000",415,0,415,221,23,0,23,4,0,4,0,0,0,0,0,0,0.06506024096385542,0,0.06506024096385542
"2025-07-29 00:00:00.000000000",207,0,207,96,12,0,12,1,0,1,0,0,0,0,0,0,0.06280193236714976,0,0.06280193236714976
